employee_id,name,department,designation,salary,join_date,age,gender,performance_score,attrition
EMP0001,Jennifer Lee,Sales,Sales Executive,63381.72,2016-12-02,36,Non-Binary,3,0
EMP0002,Thomas Taylor,Marketing,CMO,163567.99,2021-10-14,39,Male,4,0
EMP0003,James Gonzalez,HR,HR Associate,40003.43,2021-10-22,31,Female,3,0
EMP0004,Matthew Lopez,HR,HR Associate,37815.03,2019-07-21,23,Male,3,0
EMP0005,Omar Chen,Support,Support Associate,39260.87,2018-08-26,31,Male,5,0
EMP0006,Aisha Kim,Sales,Sales Associate,40788.36,2016-10-28,22,Female,3,0
EMP0007,Daniel Johnson,Engineering,Tech Lead,99203.63,2022-06-25,34,Female,2,0
EMP0008,Barbara Jackson,Support,Support Lead,52463.46,2021-10-02,37,Male,4,0
EMP0009,David Ali,Sales,Sales Executive,68577.81,2021-07-22,38,Female,5,0
EMP0010,Patricia Martin,Support,Support Associate,35032.02,2021-10-01,29,Female,5,0
EMP0011,Nancy Martin,Support,Support Manager,66866.73,2016-03-20,48,Female,3,0
EMP0012,Priya Garcia,Support,Support Lead,59055.32,2024-03-21,40,Female,4,0
EMP0013,Barbara Lopez,Finance,Financial Analyst,52136.0,2018-03-17,38,Male,3,0
EMP0014,Mary Thomas,Support,Support Lead,56451.67,2022-12-31,38,Female,4,0
EMP0015,Nancy Nakamura,Marketing,CMO,195487.15,2022-11-24,39,Male,3,0
EMP0016,Mary Lee,Finance,Finance Manager,96970.66,2017-09-30,34,Male,5,0
EMP0017,Yuki Johnson,Marketing,Marketing Analyst,42500.83,2022-10-24,31,Female,3,0
EMP0018,Li Gonzalez,HR,HR Associate,43133.65,2020-12-04,23,Non-Binary,5,0
EMP0019,William Brown,Operations,Operations Lead,59583.39,2024-12-02,33,Male,3,0
EMP0020,Jennifer Wilson,Marketing,Content Specialist,41576.13,2021-04-14,41,Male,3,0
EMP0021,Chen Wilson,Engineering,Engineering Manager,146211.83,2022-09-16,38,Non-Binary,4,0
EMP0022,Liam Lee,HR,HR Specialist,54611.57,2021-03-02,39,Male,4,0
EMP0023,Yuki Kim,Marketing,CMO,184395.88,2025-08-31,42,Male,5,0
EMP0024,Li Lopez,Sales,Sales Manager,107416.26,2017-08-09,33,Non-Binary,4,0
EMP0025,Yuki Thomas,Operations,Operations Associate,37906.65,2017-09-11,24,Non-Binary,4,1
EMP0026,Joseph Taylor,Sales,Sales Executive,64841.7,2024-03-19,40,Female,3,0
EMP0027,Joseph Khan,Support,Support Lead,43208.35,2021-07-31,41,Male,3,0
EMP0028,Raj Martinez,Operations,Operations Associate,30113.12,2018-12-09,26,Non-Binary,4,0
EMP0029,Joseph Rodriguez,Engineering,Senior Developer,84191.62,2021-08-04,40,Female,3,1
EMP0030,Lisa Ali,Operations,Operations Manager,97793.03,2025-09-27,43,Female,3,0
EMP0031,David Hernandez,Operations,Operations Manager,98748.97,2020-10-11,49,Female,4,0
EMP0032,Olivia Singh,Marketing,Content Specialist,57877.8,2025-12-30,34,Male,3,0
EMP0033,Patricia Lee,Operations,COO,182909.88,2020-06-22,47,Female,4,0
EMP0034,Elizabeth Patel,Sales,Sales Associate,42185.95,2019-02-24,30,Male,3,1
EMP0035,William Gonzalez,Support,Support Lead,54680.09,2019-01-10,41,Male,4,0
EMP0036,Yuki Chen,Engineering,Engineering Manager,143444.65,2018-05-30,44,Male,3,1
EMP0037,Fatima Miller,Sales,VP Sales,170131.52,2024-04-07,38,Female,4,0
EMP0038,Li Anderson,Finance,Finance Manager,100569.02,2016-03-30,38,Male,3,0
EMP0039,Ahmed Nakamura,Operations,Operations Manager,78682.65,2022-03-12,44,Male,5,0
EMP0040,Thomas Hernandez,Marketing,Content Specialist,51755.37,2019-04-21,40,Female,3,0
EMP0041,Michael Khan,Support,Support Director,122932.95,2018-09-30,52,Male,3,0
EMP0042,Robert Lee,Support,Support Manager,80785.48,2025-09-01,45,Male,4,0
EMP0043,Li Jones,HR,HR Associate,31267.99,2022-07-20,29,Male,4,0
EMP0044,Linda Brown,Sales,VP Sales,165988.07,2017-07-06,47,Non-Binary,3,1
EMP0045,David Chen,Operations,Operations Manager,76152.15,2025-11-02,43,Male,4,0
EMP0046,Omar Moore,Marketing,CMO,172765.48,2019-12-13,49,Male,4,0
EMP0047,Raj Wang,Support,Support Lead,51087.28,2023-12-09,33,Non-Binary,3,0
EMP0048,Joseph Kumar,Sales,Sales Executive,67107.44,2023-11-28,30,Male,4,0
EMP0049,Maria Martin,Sales,Sales Manager,116647.49,2022-12-31,43,Female,5,0
EMP0050,Li Lopez,Finance,Accountant,37060.74,2020-09-16,47,Non-Binary,3,0
EMP0051,Nancy Garcia,Sales,Sales Executive,57694.42,2017-12-08,31,Male,4,0
EMP0052,Ava Davis,Operations,Operations Lead,51792.69,2025-12-15,36,Female,4,0
EMP0053,Richard Rodriguez,Finance,CFO,215356.03,2025-11-30,56,Male,4,0
EMP0054,Aisha Kim,HR,HR Manager,88938.17,2022-08-01,41,Non-Binary,3,0
EMP0055,Chen Hernandez,HR,HR Director,113072.44,2020-07-30,50,Female,2,0
EMP0056,James Williams,Operations,Operations Manager,78170.58,2022-09-15,47,Male,5,0
EMP0057,Susan Nakamura,Operations,Operations Manager,100228.88,2022-11-24,42,Non-Binary,4,0
EMP0058,Patricia Kumar,Finance,Accountant,37400.26,2024-07-04,40,Female,2,0
EMP0059,Yuki Wang,Sales,Sales Executive,67215.88,2020-03-11,31,Female,3,0
EMP0060,Raj Lee,Support,Support Lead,51271.03,2024-09-25,31,Female,5,0
EMP0061,Raj Jackson,Operations,COO,181934.15,2022-02-14,44,Female,4,0
EMP0062,Robert Davis,Sales,Sales Manager,118342.16,2019-01-21,37,Male,4,0
EMP0063,Linda Singh,Sales,VP Sales,145213.73,2018-04-07,53,Non-Binary,3,1
EMP0064,Susan Anderson,Operations,Operations Lead,69055.86,2023-05-15,33,Female,3,0
EMP0065,Daniel Smith,Operations,Operations Manager,87828.1,2025-05-30,46,Male,5,0
EMP0066,Maria Brown,Finance,Finance Manager,110512.66,2023-12-28,46,Non-Binary,3,0
EMP0067,Fatima Martinez,HR,HR Specialist,64299.96,2020-07-06,37,Male,3,0
EMP0068,Elizabeth Williams,Finance,CFO,162071.79,2023-10-28,47,Male,3,0
EMP0069,Aisha Wang,Marketing,Marketing Analyst,43666.68,2022-12-01,30,Male,4,0
EMP0070,Omar Jackson,Engineering,Engineering Manager,140030.55,2024-12-02,37,Female,5,0
EMP0071,Christopher Davis,Operations,COO,162375.89,2017-01-18,56,Non-Binary,5,0
EMP0072,Liam Martin,Engineering,Junior Developer,57006.16,2023-03-23,31,Male,4,0
EMP0073,Omar Wilson,Sales,VP Sales,139831.6,2016-08-30,43,Male,3,0
EMP0074,Sarah Wang,Operations,Operations Associate,37118.2,2020-03-30,24,Male,4,1
EMP0075,Priya Khan,Marketing,Marketing Manager,89174.9,2017-02-04,35,Male,3,1
EMP0076,James Brown,Marketing,Marketing Analyst,36958.77,2021-08-17,31,Female,3,0
EMP0077,Joseph Jackson,Sales,VP Sales,134910.44,2020-09-12,55,Female,2,0
EMP0078,Michael Kumar,Operations,Operations Manager,91383.57,2019-03-01,36,Female,2,0
EMP0079,Liam Taylor,Finance,CFO,193544.17,2024-08-09,38,Female,3,1
EMP0080,Olivia Wang,Engineering,Junior Developer,49545.98,2023-03-23,28,Male,4,0
EMP0081,Linda Kumar,Finance,Accountant,45746.21,2016-10-12,40,Female,3,0
EMP0082,Raj Ali,Marketing,CMO,198299.04,2019-09-05,45,Male,3,0
EMP0083,Chen Jackson,Marketing,CMO,163872.67,2025-03-08,48,Non-Binary,4,0
EMP0084,Omar Khan,Engineering,Engineering Manager,155147.46,2019-06-22,42,Male,4,1
EMP0085,Mary Patel,Sales,Sales Executive,65778.53,2024-01-08,30,Male,4,0
EMP0086,Priya Lee,Engineering,Tech Lead,98261.92,2017-09-03,36,Male,5,0
EMP0087,Thomas Lopez,Operations,COO,169490.71,2021-09-09,39,Male,4,0
EMP0088,Sarah Anderson,Marketing,Content Specialist,51891.05,2019-03-08,37,Male,3,0
EMP0089,Thomas Kumar,Marketing,CMO,153085.53,2021-02-25,39,Female,3,0
EMP0090,Raj Kumar,Sales,Sales Manager,99283.79,2025-08-11,49,Male,4,0
EMP0091,Sofia Chen,Support,Support Lead,56072.24,2017-07-27,39,Male,5,0
EMP0092,Ava Moore,Marketing,Marketing Manager,86976.05,2025-11-19,48,Female,5,0
EMP0093,Michael Nakamura,Marketing,Marketing Manager,87686.09,2019-04-16,39,Male,4,0
EMP0094,Daniel Martin,Operations,COO,170944.17,2016-12-05,53,Female,4,0
EMP0095,Aisha Miller,Operations,Operations Lead,57207.97,2016-10-03,36,Male,3,0
EMP0096,Matthew Hernandez,Support,Support Director,112966.18,2022-02-28,57,Female,2,0
EMP0097,William Hernandez,Marketing,Content Specialist,45967.07,2021-01-11,38,Male,4,0
EMP0098,Olivia Martinez,Engineering,Senior Developer,81331.22,2025-04-30,29,Non-Binary,3,0
EMP0099,Emma Moore,Operations,Operations Manager,96054.67,2024-04-30,36,Female,4,0
EMP0100,Richard Williams,HR,HR Associate,36487.2,2021-06-22,22,Male,4,0
EMP0101,Thomas Jones,Operations,COO,186055.71,2019-04-04,47,Male,3,0
EMP0102,Raj Jones,Finance,Finance Manager,98826.99,2026-01-23,32,Female,3,0
EMP0103,Ava Jackson,Engineering,Tech Lead,119012.42,2016-03-26,39,Male,5,0
EMP0104,Fatima Wang,Marketing,Content Specialist,57955.48,2024-06-20,34,Male,5,0
EMP0105,Sarah Smith,Sales,Sales Executive,65124.45,2021-10-19,38,Female,3,0
EMP0106,Jessica Kim,Sales,Sales Executive,58089.08,2025-10-19,28,Female,4,0
EMP0107,Elizabeth Smith,HR,HR Specialist,48399.93,2017-06-11,35,Male,4,0
EMP0108,Ava Thomas,Sales,Sales Associate,44986.57,2024-06-20,27,Female,5,0
EMP0109,Priya Garcia,HR,HR Specialist,49286.56,2016-11-30,37,Non-Binary,5,0
EMP0110,Noah Kim,Finance,CFO,180783.8,2023-11-16,46,Female,4,0
EMP0111,Nancy Lee,Operations,Operations Manager,93924.85,2022-11-01,46,Male,3,0
EMP0112,Nancy Kim,HR,HR Manager,84081.46,2025-11-23,48,Female,4,0
EMP0113,Robert Ali,Marketing,Marketing Manager,94791.52,2025-03-10,47,Female,4,0
EMP0114,Li Jackson,Marketing,Content Specialist,43823.66,2025-07-23,32,Female,4,0
EMP0115,Li Hernandez,Engineering,Engineering Manager,138437.02,2017-08-04,33,Male,3,0
EMP0116,Matthew Ali,Support,Support Lead,56711.88,2025-02-07,34,Non-Binary,4,0
EMP0117,Chen Rodriguez,Support,Support Lead,44843.44,2016-11-28,33,Non-Binary,4,0
EMP0118,Chen Martin,Support,Support Associate,30651.98,2021-09-22,29,Female,3,0
EMP0119,Robert Garcia,HR,HR Director,117595.28,2022-06-20,54,Male,4,0
EMP0120,Emma Patel,Finance,CFO,190818.4,2024-11-27,46,Male,3,1
EMP0121,Elizabeth Williams,Marketing,CMO,162775.62,2021-06-04,56,Male,4,0
EMP0122,Noah Rodriguez,Engineering,Tech Lead,129217.96,2020-04-26,31,Male,3,0
EMP0123,Omar Ali,Operations,COO,157514.58,2019-04-09,55,Female,4,0
EMP0124,Fatima Martinez,HR,HR Specialist,54431.74,2016-10-20,39,Non-Binary,4,0
EMP0125,Lisa Davis,Operations,Operations Manager,77679.9,2018-02-03,42,Non-Binary,3,0
EMP0126,Elizabeth Kumar,Support,Support Director,125783.16,2016-07-23,51,Non-Binary,3,0
EMP0127,James Martin,Operations,Operations Manager,86112.48,2023-10-20,49,Male,4,0
EMP0128,Olivia Brown,Operations,Operations Manager,99750.61,2025-02-09,40,Male,4,1
EMP0129,Maria Wilson,Finance,Accountant,52251.49,2018-05-28,44,Female,2,0
EMP0130,Jessica Martin,Operations,Operations Lead,66124.92,2022-01-22,31,Female,4,0
EMP0131,Mary Patel,Support,Support Lead,53483.36,2019-01-26,41,Female,3,0
EMP0132,Lisa Williams,Operations,Operations Associate,37221.47,2021-07-30,30,Male,4,0
EMP0133,Priya Gonzalez,HR,HR Director,126773.47,2024-12-09,53,Female,3,1
EMP0134,Barbara Brown,Sales,Sales Manager,96699.71,2021-06-11,32,Male,5,0
EMP0135,Omar Kim,Marketing,Content Specialist,47191.53,2025-12-20,37,Male,4,0
EMP0136,Barbara Rodriguez,HR,HR Associate,40672.59,2016-07-28,25,Female,5,0
EMP0137,Matthew Patel,Sales,Sales Executive,76567.54,2021-05-01,30,Male,3,0
EMP0138,Michael Taylor,Marketing,CMO,152149.94,2021-03-01,45,Male,3,0
EMP0139,Emma Johnson,Engineering,Junior Developer,55407.34,2018-08-05,25,Male,4,0
EMP0140,James Taylor,Engineering,Senior Developer,76591.17,2019-12-22,29,Male,3,0
EMP0141,Aisha Martinez,Engineering,Tech Lead,93545.45,2019-11-08,31,Male,5,0
EMP0142,Robert Garcia,Support,Support Manager,69179.18,2019-12-26,47,Female,3,1
EMP0143,Barbara Moore,Operations,COO,176282.59,2016-05-06,52,Female,1,0
EMP0144,Elizabeth Martin,Marketing,Marketing Analyst,40480.49,2021-06-27,28,Male,5,0
EMP0145,Fatima Ali,Finance,Financial Analyst,65166.25,2023-10-06,36,Female,5,0
EMP0146,Fatima Smith,Finance,Financial Analyst,53064.9,2021-12-09,36,Non-Binary,4,0
EMP0147,Karen Nakamura,Engineering,Junior Developer,63530.54,2021-11-18,26,Male,5,0
EMP0148,Barbara Jackson,Engineering,Tech Lead,127304.68,2020-03-04,30,Non-Binary,4,0
EMP0149,Sofia Miller,Sales,Sales Associate,43901.44,2017-06-17,31,Non-Binary,3,0
EMP0150,Chen Nakamura,Sales,Sales Manager,109259.49,2016-06-27,48,Non-Binary,3,0
EMP0151,Fatima Brown,Support,Support Director,109405.53,2020-12-31,55,Non-Binary,4,0
EMP0152,Jessica Lopez,Engineering,Tech Lead,125816.56,2018-08-21,31,Female,4,0
EMP0153,Richard Lee,Sales,VP Sales,155932.31,2018-05-14,56,Female,3,0
EMP0154,Patricia Nakamura,Engineering,Tech Lead,129739.34,2018-11-23,33,Female,4,0
EMP0155,Maria Williams,Support,Support Associate,38283.81,2023-12-29,25,Male,3,0
EMP0156,Li Patel,Finance,CFO,157547.66,2024-07-27,53,Female,5,0
EMP0157,David Anderson,Marketing,Marketing Manager,87433.24,2024-06-01,44,Female,3,0
EMP0158,Raj Wilson,Marketing,CMO,171669.15,2021-02-08,56,Female,4,0
EMP0159,Mary Thomas,Engineering,Engineering Manager,127532.91,2020-08-14,36,Male,4,0
EMP0160,Ava Gonzalez,Marketing,CMO,188440.23,2018-04-17,46,Male,4,0
EMP0161,Patricia Taylor,HR,HR Manager,73740.14,2018-11-19,35,Male,4,1
EMP0162,Karen Kim,Sales,Sales Associate,31137.75,2018-10-04,31,Non-Binary,3,1
EMP0163,Daniel Singh,Operations,Operations Lead,67062.07,2019-12-14,35,Male,4,0
EMP0164,Patricia Martinez,Finance,Accountant,52355.85,2016-09-09,50,Female,3,0
EMP0165,Li Johnson,Sales,Sales Manager,89172.76,2020-03-10,47,Female,4,0
EMP0166,Ahmed Lopez,Operations,Operations Lead,64157.84,2024-02-18,28,Male,3,0
EMP0167,Chen Garcia,Sales,Sales Associate,36545.15,2020-07-07,26,Female,4,0
EMP0168,Robert Ali,Operations,Operations Manager,102478.43,2021-09-27,49,Female,4,0
EMP0169,Noah Patel,HR,HR Specialist,53887.7,2021-10-21,28,Non-Binary,1,1
EMP0170,Aisha Miller,Engineering,Junior Developer,58912.1,2023-10-12,24,Male,3,0
EMP0171,Jessica Khan,Marketing,Marketing Analyst,39421.28,2024-07-17,30,Male,3,0
EMP0172,Joseph Lopez,Sales,VP Sales,160397.86,2021-03-18,50,Female,4,0
EMP0173,Elizabeth Martin,Engineering,Senior Developer,84447.22,2026-01-22,38,Female,5,0
EMP0174,Omar Khan,Finance,Finance Manager,111120.72,2016-12-14,47,Non-Binary,3,0
EMP0175,Susan Kim,Operations,Operations Manager,90826.58,2023-07-07,36,Male,3,1
EMP0176,Priya Wang,HR,HR Associate,33076.22,2022-12-26,23,Female,4,0
EMP0177,Richard Wang,HR,HR Manager,74310.29,2017-10-04,47,Female,3,1
EMP0178,Raj Johnson,Marketing,Marketing Analyst,35236.66,2018-02-12,39,Female,2,1
EMP0179,Robert Patel,Sales,Sales Executive,54386.77,2022-03-28,32,Male,4,0
EMP0180,Sofia Williams,Engineering,Senior Developer,99602.25,2018-03-12,37,Female,3,1
EMP0181,William Singh,Finance,Finance Manager,103830.77,2023-10-08,49,Male,4,0
EMP0182,Christopher Moore,Operations,COO,185722.19,2017-03-14,50,Male,3,0
EMP0183,Michael Kumar,Marketing,Marketing Manager,94958.38,2016-07-31,48,Male,3,0
EMP0184,Jennifer Moore,HR,HR Specialist,46707.95,2024-09-06,38,Female,4,0
EMP0185,Maria Johnson,Sales,Sales Executive,71169.38,2017-09-04,30,Female,5,1
EMP0186,Linda Davis,HR,HR Associate,44251.61,2024-03-10,25,Male,4,0
EMP0187,Barbara Williams,Support,Support Director,111515.56,2022-09-14,45,Male,3,0
EMP0188,Ava Lopez,Sales,VP Sales,133150.77,2023-07-17,43,Female,4,0
EMP0189,Fatima Martin,Operations,Operations Lead,67494.53,2017-02-14,33,Male,4,0
EMP0190,Susan Singh,Operations,Operations Lead,57621.41,2018-06-23,31,Male,4,0
EMP0191,Elizabeth Hernandez,Engineering,Junior Developer,55059.1,2023-04-12,29,Male,4,0
EMP0192,Chen Miller,Sales,Sales Manager,109379.7,2017-03-10,38,Male,3,0
EMP0193,Elizabeth Martinez,HR,HR Director,140953.03,2022-03-25,51,Non-Binary,2,0
EMP0194,Barbara Patel,Engineering,Senior Developer,96514.19,2021-05-13,29,Female,3,0
EMP0195,Mary Chen,Marketing,CMO,195850.22,2024-05-21,55,Female,4,0
EMP0196,Liam Taylor,Engineering,Senior Developer,83950.03,2020-12-06,28,Male,4,0
EMP0197,Elizabeth Moore,Finance,Financial Analyst,64388.41,2022-04-23,32,Male,3,0
EMP0198,Robert Wilson,Engineering,Junior Developer,57723.92,2019-06-12,27,Non-Binary,4,0
EMP0199,Ava Singh,Finance,Accountant,48370.5,2022-10-13,57,Female,3,0
EMP0200,Nancy Johnson,Operations,Operations Manager,76611.16,2021-01-14,40,Female,3,0
EMP0201,James Gonzalez,Engineering,Senior Developer,90849.5,2018-09-24,28,Male,3,0
EMP0202,Aisha Kumar,Finance,Accountant,41020.92,2019-04-18,43,Non-Binary,3,0
EMP0203,John Jackson,Engineering,Senior Developer,65402.24,2021-02-05,36,Non-Binary,5,0
EMP0204,Yuki Nakamura,Engineering,Junior Developer,48736.86,2017-02-08,24,Non-Binary,2,0
EMP0205,Christopher Khan,Operations,COO,151441.91,2017-07-03,56,Non-Binary,4,0
EMP0206,Jessica Khan,HR,HR Director,143149.77,2017-12-25,42,Female,3,0
EMP0207,Matthew Patel,Finance,Finance Manager,85459.67,2019-09-24,48,Female,4,0
EMP0208,Chen Moore,HR,HR Specialist,46559.66,2017-09-20,36,Male,4,0
EMP0209,Christopher Patel,Sales,Sales Executive,68946.11,2021-08-17,30,Female,3,0
EMP0210,William Lopez,HR,HR Manager,96947.16,2024-07-05,47,Male,3,0
EMP0211,Elizabeth Johnson,HR,HR Manager,70751.09,2024-05-10,35,Female,4,0
EMP0212,Raj Jones,HR,HR Specialist,51371.26,2018-08-30,38,Male,4,0
EMP0213,Priya Kim,Sales,VP Sales,154565.54,2020-01-30,47,Female,3,0
EMP0214,Fatima Gonzalez,HR,HR Director,115600.02,2018-12-31,53,Female,4,0
EMP0215,Daniel Khan,Marketing,Marketing Manager,86590.8,2020-08-14,43,Female,3,1
EMP0216,Jessica Miller,Sales,Sales Executive,75462.11,2018-12-29,41,Female,4,0
EMP0217,Ava Lopez,Finance,Financial Analyst,62920.21,2017-11-19,30,Female,4,1
EMP0218,Nancy Patel,Finance,CFO,165243.38,2020-04-17,56,Male,3,0
EMP0219,Elizabeth Thomas,Sales,VP Sales,139183.08,2016-12-17,49,Male,3,1
EMP0220,Karen Kim,Finance,CFO,180005.19,2019-02-01,51,Non-Binary,4,0
EMP0221,Richard Miller,HR,HR Associate,40729.23,2021-12-26,30,Male,5,0
EMP0222,Aisha Nakamura,Finance,Financial Analyst,78992.58,2024-03-10,41,Non-Binary,3,0
EMP0223,Fatima Smith,HR,HR Specialist,52078.55,2022-01-21,35,Female,3,0
EMP0224,Sarah Singh,HR,HR Specialist,49554.29,2017-04-02,28,Non-Binary,2,0
EMP0225,Raj Jackson,Support,Support Lead,50792.09,2018-08-12,37,Female,3,0
EMP0226,Daniel Anderson,Sales,VP Sales,177086.4,2022-09-17,57,Female,4,0
EMP0227,Sofia Hernandez,Support,Support Lead,51518.76,2024-03-02,30,Non-Binary,4,0
EMP0228,Michael Lee,Support,Support Associate,36097.13,2024-10-28,26,Male,4,0
EMP0229,James Nakamura,Engineering,Junior Developer,54464.39,2024-11-14,31,Male,4,0
EMP0230,Daniel Nakamura,Marketing,Marketing Analyst,44823.06,2017-03-16,31,Male,3,0
EMP0231,Susan Martinez,Sales,Sales Executive,69645.44,2025-04-08,41,Male,3,0
EMP0232,Olivia Kim,Marketing,Marketing Manager,107029.94,2022-06-11,37,Female,5,0
EMP0233,Barbara Martinez,HR,HR Manager,98238.7,2017-05-05,40,Male,5,0
EMP0234,Elizabeth Garcia,Engineering,Senior Developer,97334.21,2022-12-03,29,Female,3,0
EMP0235,William Moore,Engineering,Engineering Manager,139039.19,2026-01-19,46,Non-Binary,3,0
EMP0236,Sarah Ali,Operations,COO,160211.56,2023-02-27,39,Female,3,0
EMP0237,Fatima Brown,Engineering,Senior Developer,66246.8,2018-01-14,33,Male,3,0
EMP0238,Yuki Gonzalez,Sales,VP Sales,151301.81,2024-04-21,46,Female,3,0
EMP0239,Olivia Ali,Sales,Sales Associate,37353.79,2024-07-02,29,Male,5,0
EMP0240,Fatima Kim,HR,HR Specialist,45978.24,2021-12-26,29,Male,4,0
EMP0241,Lisa Williams,HR,HR Manager,85827.17,2016-09-17,41,Male,3,1
EMP0242,David Martin,Engineering,Senior Developer,88626.92,2019-11-23,28,Male,4,0
EMP0243,Elizabeth Brown,Operations,COO,150904.85,2023-02-18,42,Female,4,1
EMP0244,Christopher Ali,Operations,Operations Manager,106129.21,2018-08-15,38,Male,3,0
EMP0245,Mary Martin,Marketing,CMO,185657.8,2018-01-22,50,Non-Binary,2,0
EMP0246,Nancy Chen,HR,HR Specialist,52366.33,2020-01-11,31,Male,3,0
EMP0247,Maria Kim,Sales,Sales Manager,81985.23,2019-12-23,33,Male,3,0
EMP0248,William Johnson,HR,HR Manager,82036.9,2020-07-19,40,Female,3,0
EMP0249,Thomas Anderson,Operations,Operations Manager,77255.32,2019-04-11,41,Female,4,0
EMP0250,Sarah Singh,Marketing,Marketing Analyst,38139.57,2018-12-09,34,Female,3,0
EMP0251,Lisa Moore,Operations,Operations Associate,32032.66,2020-06-18,30,Male,4,0
EMP0252,Noah Smith,Sales,Sales Associate,33402.96,2023-05-18,27,Male,3,1
EMP0253,Yuki Gonzalez,HR,HR Specialist,56955.69,2019-04-27,39,Female,3,0
EMP0254,Aisha Hernandez,Engineering,Tech Lead,119658.07,2018-08-08,37,Male,3,0
EMP0255,Priya Ali,Support,Support Director,123795.08,2022-02-28,45,Male,4,0
EMP0256,Thomas Moore,Sales,Sales Manager,90888.75,2018-10-23,32,Female,3,0
EMP0257,Sarah Williams,HR,HR Manager,88883.93,2025-05-09,41,Female,3,0
EMP0258,Daniel Chen,Operations,Operations Associate,30361.01,2023-02-09,26,Non-Binary,1,1
EMP0259,David Lee,Engineering,Junior Developer,42402.76,2025-07-16,31,Male,3,0
EMP0260,Barbara Lopez,Sales,Sales Associate,43819.48,2022-11-08,26,Male,4,0
EMP0261,Jennifer Chen,Sales,Sales Executive,71326.27,2025-01-03,32,Male,4,0
EMP0262,Lisa Chen,Engineering,Junior Developer,57512.67,2024-01-28,29,Non-Binary,4,0
EMP0263,Olivia Patel,Engineering,Senior Developer,89537.35,2021-10-18,31,Female,3,0
EMP0264,Michael Martin,Operations,Operations Manager,102802.02,2016-03-12,32,Male,4,0
EMP0265,Richard Nakamura,Engineering,Senior Developer,94724.05,2017-09-14,32,Male,4,0
EMP0266,Jennifer Smith,Sales,Sales Associate,48687.49,2017-04-14,25,Female,4,0
EMP0267,Susan Johnson,Support,Support Lead,42625.24,2026-02-20,41,Male,4,0
EMP0268,Maria Miller,HR,HR Manager,82765.95,2016-08-07,34,Female,4,0
EMP0269,Sofia Martin,Support,Support Lead,44053.44,2019-06-25,32,Female,5,0
EMP0270,Olivia Chen,HR,HR Manager,97036.26,2023-02-11,35,Male,4,0
EMP0271,Ahmed Smith,HR,HR Specialist,46130.29,2021-07-27,31,Male,2,0
EMP0272,Thomas Jones,Sales,Sales Executive,64033.29,2020-10-09,32,Non-Binary,5,0
EMP0273,Linda Ali,Finance,Financial Analyst,60473.58,2017-06-01,31,Male,4,0
EMP0274,Daniel Kumar,Sales,Sales Executive,79133.17,2020-11-07,32,Female,3,0
EMP0275,Olivia Martinez,Sales,VP Sales,156644.28,2024-08-11,49,Non-Binary,4,1
EMP0276,Susan Wilson,HR,HR Manager,84774.12,2025-03-10,40,Male,2,1
EMP0277,Jessica Taylor,Support,Support Manager,89317.47,2016-12-01,46,Male,4,0
EMP0278,Christopher Kumar,Operations,Operations Manager,101268.02,2019-07-09,39,Female,4,0
EMP0279,Robert Thomas,Engineering,Junior Developer,46197.42,2019-03-14,23,Male,4,1
EMP0280,Ava Kumar,Operations,Operations Associate,43727.11,2019-11-04,28,Female,3,0
EMP0281,James Singh,Engineering,Engineering Manager,138271.29,2023-01-28,39,Male,4,0
EMP0282,Liam Khan,Marketing,Marketing Manager,109823.25,2025-05-25,38,Male,5,0
EMP0283,Daniel Anderson,Finance,Finance Manager,99360.7,2017-01-02,41,Male,1,0
EMP0284,Nancy Thomas,Operations,COO,142516.15,2019-08-30,44,Male,3,1
EMP0285,Daniel Moore,Support,Support Director,133369.15,2017-02-13,45,Female,3,0
EMP0286,John Ali,Sales,Sales Executive,66197.33,2024-04-16,40,Male,3,0
EMP0287,Chen Hernandez,HR,HR Director,122210.66,2021-07-30,39,Female,4,0
EMP0288,Fatima Jones,HR,HR Director,138555.66,2023-12-02,54,Female,3,1
EMP0289,Priya Smith,Operations,COO,184486.4,2017-09-20,49,Female,5,1
EMP0290,Aisha Chen,Support,Support Manager,84226.17,2024-03-14,49,Female,3,0
EMP0291,James Wilson,HR,HR Manager,74240.72,2023-02-25,35,Female,5,1
EMP0292,Susan Brown,Sales,Sales Executive,70696.46,2019-07-22,31,Male,2,0
EMP0293,Elizabeth Rodriguez,HR,HR Director,136407.52,2020-05-14,47,Male,3,0
EMP0294,Sofia Gonzalez,Sales,Sales Associate,31188.84,2019-10-23,27,Female,2,0
EMP0295,Joseph Miller,Marketing,Marketing Manager,81210.62,2016-08-30,46,Female,4,0
EMP0296,Omar Wilson,Finance,CFO,158921.01,2023-08-21,44,Female,5,0
EMP0297,Matthew Brown,HR,HR Associate,36464.63,2024-04-03,22,Male,5,0
EMP0298,Liam Martinez,Marketing,CMO,146697.61,2020-02-27,41,Female,3,0
EMP0299,Susan Wilson,Sales,VP Sales,170948.17,2022-01-12,42,Female,3,0
EMP0300,William Hernandez,Engineering,Tech Lead,104603.4,2022-09-28,31,Male,3,0
EMP0301,Ava Brown,Operations,COO,153653.72,2021-04-06,55,Non-Binary,4,0
EMP0302,Lisa Singh,Sales,Sales Manager,82086.29,2018-07-19,37,Male,4,1
EMP0303,Nancy Jackson,Support,Support Lead,56634.42,2023-10-14,38,Female,5,0
EMP0304,Fatima Lopez,Engineering,Junior Developer,49110.91,2016-06-18,23,Female,3,0
EMP0305,Daniel Ali,Sales,Sales Executive,72232.57,2017-04-21,40,Female,4,0
EMP0306,Yuki Lee,Support,Support Manager,86502.39,2022-08-26,34,Male,2,0
EMP0307,Noah Lee,Finance,Finance Manager,112200.02,2019-06-23,44,Male,2,0
EMP0308,David Hernandez,Operations,Operations Lead,64903.98,2019-01-08,34,Non-Binary,3,0
EMP0309,Jessica Thomas,Sales,Sales Executive,78686.0,2025-08-10,38,Non-Binary,3,0
EMP0310,Daniel Taylor,HR,HR Associate,42465.8,2018-01-28,23,Male,2,1
EMP0311,Ava Hernandez,HR,HR Specialist,51115.18,2020-09-28,37,Male,4,0
EMP0312,Chen Martin,Finance,CFO,188397.73,2023-04-10,42,Male,3,0
EMP0313,Aisha Kumar,Engineering,Engineering Manager,152136.68,2021-01-31,39,Female,3,0
EMP0314,Elizabeth Lopez,Support,Support Manager,83873.39,2023-05-16,37,Male,4,0
EMP0315,Joseph Patel,HR,HR Specialist,45858.25,2020-10-16,30,Male,3,0
EMP0316,Ava Thomas,Marketing,Marketing Manager,92886.02,2017-03-15,32,Non-Binary,3,1
EMP0317,Daniel Thomas,Sales,Sales Manager,112833.27,2017-07-29,37,Male,3,0
EMP0318,Richard Nakamura,Finance,Financial Analyst,51203.32,2024-10-27,31,Non-Binary,3,0
EMP0319,Christopher Singh,Finance,Accountant,36184.97,2021-02-07,45,Male,4,0
EMP0320,Maria Lee,Operations,Operations Lead,62722.73,2018-10-03,36,Non-Binary,4,0
EMP0321,Aisha Wilson,Marketing,Content Specialist,53091.53,2019-11-23,38,Male,3,0
EMP0322,Susan Jones,Marketing,Marketing Manager,91773.48,2021-03-10,36,Male,4,0
EMP0323,Priya Williams,Engineering,Junior Developer,45336.23,2025-04-09,23,Male,3,0
EMP0324,Fatima Patel,HR,HR Specialist,46113.32,2024-10-14,28,Female,4,0
EMP0325,Liam Anderson,Finance,Financial Analyst,70773.36,2021-01-19,38,Male,3,0
EMP0326,Chen Rodriguez,Engineering,Tech Lead,100278.75,2022-03-10,40,Female,3,0
EMP0327,Christopher Garcia,Operations,COO,179470.83,2018-04-07,49,Non-Binary,3,0
EMP0328,Mary Brown,Sales,Sales Manager,109772.2,2022-05-23,48,Male,3,0
EMP0329,Emma Thomas,Support,Support Manager,76525.67,2026-02-13,42,Male,3,0
EMP0330,Aisha Moore,Sales,Sales Manager,112405.07,2023-03-29,47,Male,4,0
EMP0331,Daniel Gonzalez,Operations,COO,166172.53,2020-11-01,46,Female,4,0
EMP0332,Christopher Hernandez,Marketing,Marketing Analyst,41750.11,2025-12-09,40,Non-Binary,4,0
EMP0333,Ahmed Johnson,Support,Support Associate,29204.75,2018-04-10,27,Female,4,0
EMP0334,Robert Jones,HR,HR Associate,39453.58,2023-09-17,29,Female,4,0
EMP0335,Jessica Williams,Engineering,Senior Developer,94395.03,2023-10-07,36,Male,3,0
EMP0336,Jennifer Wilson,Marketing,Marketing Manager,79735.49,2020-10-17,41,Male,3,0
EMP0337,Sofia Gonzalez,Support,Support Associate,34217.61,2019-07-02,31,Non-Binary,4,1
EMP0338,Raj Ali,Engineering,Engineering Manager,168073.54,2022-09-11,37,Female,3,0
EMP0339,Susan Anderson,Finance,Accountant,54133.2,2020-05-31,41,Female,3,0
EMP0340,Joseph Davis,Engineering,Tech Lead,91613.44,2026-02-14,39,Male,4,0
EMP0341,Patricia Patel,Operations,Operations Associate,35618.69,2017-02-22,25,Female,4,0
EMP0342,John Davis,HR,HR Associate,38841.65,2024-11-08,22,Female,5,1
EMP0343,Ahmed Hernandez,Sales,Sales Executive,52471.02,2020-11-08,30,Male,3,0
EMP0344,Mary Taylor,HR,HR Director,113345.11,2017-05-26,41,Male,2,0
EMP0345,Priya Moore,HR,HR Associate,42465.1,2018-02-12,22,Male,3,0
EMP0346,Olivia Johnson,Engineering,Senior Developer,84994.16,2016-12-13,36,Female,4,1
EMP0347,James Lopez,Sales,VP Sales,159925.17,2024-08-27,49,Male,3,0
EMP0348,Ahmed Kim,Finance,Finance Manager,89658.03,2024-02-29,48,Female,2,0
EMP0349,Elizabeth Moore,HR,HR Specialist,54055.01,2021-09-10,38,Male,5,0
EMP0350,Sarah Moore,Operations,Operations Manager,80385.2,2021-09-22,39,Male,2,0
EMP0351,William Wang,Finance,CFO,173030.88,2022-07-17,53,Female,3,0
EMP0352,Lisa Miller,Support,Support Manager,65961.12,2016-06-21,44,Male,4,1
EMP0353,Linda Patel,Marketing,CMO,153521.75,2017-05-23,45,Male,3,0
EMP0354,Fatima Martin,HR,HR Associate,37490.93,2024-11-28,23,Non-Binary,4,0
EMP0355,Susan Garcia,Support,Support Director,114959.97,2023-06-02,57,Male,3,0
EMP0356,Michael Singh,Engineering,Engineering Manager,125432.44,2021-01-13,40,Female,4,0
EMP0357,Susan Kim,Sales,Sales Manager,97450.69,2020-05-11,40,Non-Binary,4,0
EMP0358,Nancy Anderson,Support,Support Manager,82285.56,2023-08-15,38,Male,4,0
EMP0359,Noah Kim,Operations,Operations Lead,57937.03,2021-05-07,38,Male,5,0
EMP0360,Karen Smith,Sales,Sales Associate,44991.73,2018-04-18,31,Female,5,0
EMP0361,Lisa Miller,Support,Support Lead,55479.22,2017-01-18,40,Female,3,0
EMP0362,Daniel Anderson,Operations,COO,148874.67,2019-01-05,50,Female,3,0
EMP0363,Sofia Thomas,Finance,Financial Analyst,79686.9,2018-05-24,41,Non-Binary,4,1
EMP0364,Jessica Williams,Finance,Finance Manager,99897.87,2019-08-04,39,Non-Binary,4,0
EMP0365,Mary Martin,Engineering,Junior Developer,45367.97,2019-06-06,25,Male,4,0
EMP0366,Sarah Nakamura,Support,Support Associate,32929.38,2021-05-19,30,Male,4,0
EMP0367,Aisha Singh,Marketing,CMO,183037.95,2026-02-13,52,Non-Binary,3,0
EMP0368,Patricia Lopez,Sales,Sales Associate,44851.86,2025-05-22,30,Female,4,0
EMP0369,Omar Singh,Operations,Operations Lead,66270.92,2023-01-15,31,Male,4,0
EMP0370,Priya Patel,Engineering,Tech Lead,113036.43,2016-06-21,37,Male,4,1
EMP0371,Linda Martinez,Marketing,Marketing Analyst,38900.79,2022-02-04,28,Female,4,0
EMP0372,Susan Brown,Marketing,CMO,199179.78,2017-12-19,53,Male,3,0
EMP0373,James Brown,HR,HR Specialist,57316.71,2019-06-17,34,Male,3,0
EMP0374,Chen Chen,Operations,Operations Lead,59267.67,2020-04-01,32,Non-Binary,4,0
EMP0375,Sarah Smith,Operations,Operations Manager,92157.1,2018-01-31,36,Non-Binary,4,0
EMP0376,Elizabeth Miller,HR,HR Associate,31667.54,2017-06-28,24,Male,4,0
EMP0377,Mary Johnson,HR,HR Director,114672.49,2017-06-18,49,Female,4,0
EMP0378,Priya Garcia,HR,HR Director,145248.51,2026-01-20,53,Male,4,0
EMP0379,Robert Kumar,Finance,Accountant,52338.87,2018-11-10,45,Male,4,0
EMP0380,Yuki Miller,Operations,Operations Manager,80608.01,2020-04-05,46,Male,4,0
EMP0381,Richard Davis,Engineering,Tech Lead,102592.03,2021-11-06,30,Female,3,0
EMP0382,John Chen,Support,Support Associate,29364.92,2025-09-21,22,Non-Binary,3,0
EMP0383,Emma Ali,Support,Support Director,114186.51,2017-03-30,55,Female,3,1
EMP0384,Patricia Martinez,Support,Support Lead,59892.59,2019-08-01,39,Male,2,0
EMP0385,Chen Wang,Engineering,Tech Lead,98634.32,2025-08-15,30,Female,3,0
EMP0386,Nancy Khan,Finance,Financial Analyst,54329.07,2016-06-30,40,Male,3,0
EMP0387,Daniel Singh,Operations,Operations Lead,59962.94,2021-06-06,41,Male,3,0
EMP0388,Olivia Gonzalez,HR,HR Specialist,52912.01,2018-04-22,34,Male,5,0
EMP0389,Christopher Jones,HR,HR Manager,82116.61,2022-04-13,42,Female,4,0
EMP0390,Nancy Wilson,Operations,COO,145629.64,2019-09-18,53,Male,2,0
EMP0391,David Hernandez,Finance,Finance Manager,100368.31,2022-06-05,33,Male,5,0
EMP0392,Fatima Kumar,Operations,COO,183961.14,2018-06-23,49,Non-Binary,5,1
EMP0393,John Hernandez,Support,Support Lead,54837.34,2020-07-15,34,Non-Binary,3,0
EMP0394,Liam Hernandez,Support,Support Lead,51016.33,2016-08-19,30,Non-Binary,4,0
EMP0395,Noah Jones,Operations,Operations Lead,67012.01,2023-02-12,40,Female,4,0
EMP0396,Jennifer Wang,Support,Support Director,115257.53,2019-03-23,48,Female,4,0
EMP0397,Maria Brown,Engineering,Junior Developer,43546.25,2020-09-13,23,Non-Binary,4,0
EMP0398,Emma Khan,Engineering,Tech Lead,118433.09,2021-10-14,33,Female,2,0
EMP0399,Lisa Thomas,Operations,Operations Lead,65183.25,2021-03-01,32,Male,4,0
EMP0400,Emma Nakamura,Marketing,Marketing Manager,108018.29,2018-09-13,34,Female,4,0
EMP0401,Joseph Jackson,Finance,CFO,190086.66,2020-08-06,48,Male,2,1
EMP0402,Michael Davis,Operations,COO,191643.18,2023-10-02,56,Female,4,0
EMP0403,James Kim,Sales,Sales Executive,72882.7,2022-07-29,39,Non-Binary,2,1
EMP0404,Sofia Jones,Support,Support Associate,33276.74,2016-06-03,27,Male,4,0
EMP0405,Jessica Kumar,Operations,Operations Manager,78204.31,2024-04-16,32,Female,4,1
EMP0406,Li Patel,Marketing,Content Specialist,54487.14,2021-12-22,32,Male,5,0
EMP0407,Mary Smith,Support,Support Lead,54129.53,2016-11-16,34,Male,4,0
EMP0408,Susan Garcia,Marketing,Marketing Analyst,44286.7,2017-02-08,33,Male,2,0
EMP0409,Fatima Brown,Engineering,Tech Lead,119732.62,2025-03-02,31,Female,3,0
EMP0410,James Ali,Marketing,CMO,142706.54,2021-08-29,38,Non-Binary,3,0
EMP0411,Aisha Lopez,Marketing,Marketing Manager,109422.01,2018-01-14,40,Female,4,0
EMP0412,Ava Jackson,Marketing,CMO,155078.78,2017-06-06,51,Female,3,0
EMP0413,Sofia Johnson,Operations,Operations Associate,37553.38,2017-12-07,29,Female,3,0
EMP0414,Mary Rodriguez,Marketing,Marketing Manager,90572.82,2018-11-19,49,Female,3,0
EMP0415,Li Kumar,Support,Support Director,118765.04,2018-11-19,53,Male,4,0
EMP0416,Sofia Smith,HR,HR Manager,99850.94,2019-06-15,48,Female,4,1
EMP0417,Jennifer Thomas,Engineering,Engineering Manager,143275.74,2025-12-09,34,Male,5,0
EMP0418,Jennifer Davis,Finance,Accountant,54045.48,2025-05-06,38,Male,3,0
EMP0419,Lisa Davis,HR,HR Director,140877.28,2016-12-15,52,Non-Binary,4,0
EMP0420,Daniel Martinez,HR,HR Associate,38858.03,2020-06-12,27,Non-Binary,4,0
EMP0421,Susan Martin,Support,Support Director,131508.35,2018-07-17,55,Female,4,0
EMP0422,David Jackson,Engineering,Junior Developer,57516.81,2024-04-08,22,Male,3,0
EMP0423,Robert Taylor,Finance,CFO,171852.83,2016-08-06,53,Female,4,0
EMP0424,Noah Gonzalez,HR,HR Manager,95976.58,2018-03-20,39,Non-Binary,5,1
EMP0425,Thomas Jackson,Operations,Operations Associate,39762.58,2022-05-19,26,Male,4,0
EMP0426,Barbara Kim,Operations,COO,149101.43,2019-08-26,40,Female,4,0
EMP0427,John Martinez,Marketing,Content Specialist,53838.63,2024-03-01,35,Non-Binary,4,0
EMP0428,Linda Khan,Marketing,CMO,198679.99,2021-12-15,49,Female,3,0
EMP0429,Richard Thomas,Support,Support Associate,37818.85,2018-08-08,31,Female,2,0
EMP0430,Aisha Kumar,Sales,Sales Associate,31122.63,2017-05-04,27,Female,3,0
EMP0431,John Martinez,Support,Support Director,103418.64,2022-04-22,49,Female,3,0
EMP0432,Olivia Chen,Sales,Sales Manager,84245.79,2022-01-28,40,Female,3,0
EMP0433,Linda Brown,Sales,VP Sales,163866.08,2024-03-20,38,Female,4,0
EMP0434,Liam Jackson,Sales,Sales Executive,74864.67,2019-02-18,36,Male,3,0
EMP0435,Nancy Lee,HR,HR Director,121091.63,2020-02-29,46,Female,4,0
EMP0436,Li Brown,Engineering,Tech Lead,126245.5,2021-07-30,33,Female,4,1
EMP0437,Sarah Wilson,HR,HR Associate,41594.03,2020-10-13,28,Non-Binary,3,1
EMP0438,Robert Williams,Operations,COO,161517.45,2023-10-29,50,Male,3,1
EMP0439,Yuki Gonzalez,Marketing,Marketing Manager,98998.68,2017-08-03,44,Non-Binary,4,0
EMP0440,Linda Smith,Sales,Sales Executive,54168.81,2024-03-17,34,Female,4,0
EMP0441,Richard Anderson,Engineering,Senior Developer,79120.07,2022-02-18,38,Non-Binary,3,0
EMP0442,Yuki Williams,Marketing,Marketing Manager,85516.77,2019-07-28,47,Female,4,0
EMP0443,Linda Moore,Finance,CFO,151614.44,2022-10-29,48,Male,3,0
EMP0444,Elizabeth Martinez,Sales,Sales Executive,52703.1,2024-11-06,33,Female,3,0
EMP0445,James Lopez,Operations,COO,140304.03,2016-05-26,46,Male,3,0
EMP0446,Linda Taylor,Finance,Accountant,39215.34,2019-01-12,55,Male,3,0
EMP0447,Karen Kim,Finance,Accountant,40357.49,2023-11-07,55,Female,3,0
EMP0448,Yuki Lee,Marketing,Content Specialist,49959.8,2021-09-18,33,Female,3,0
EMP0449,Yuki Thomas,Sales,VP Sales,158891.08,2024-05-30,51,Female,4,1
EMP0450,Aisha Moore,Engineering,Senior Developer,77467.94,2025-03-24,41,Non-Binary,5,0
EMP0451,Elizabeth Khan,Support,Support Associate,37847.78,2025-12-13,22,Female,3,0
EMP0452,Robert Thomas,Support,Support Lead,44995.38,2020-06-11,33,Non-Binary,3,0
EMP0453,Jessica Patel,Engineering,Senior Developer,77407.13,2019-03-09,28,Female,3,0
EMP0454,Joseph Wang,Support,Support Manager,94840.7,2024-05-23,45,Male,5,0
EMP0455,Omar Johnson,HR,HR Associate,33757.52,2020-12-18,28,Male,3,0
EMP0456,Mary Miller,Support,Support Director,119769.44,2017-11-26,38,Male,4,1
EMP0457,Liam Wang,HR,HR Director,118754.74,2024-04-24,50,Female,5,0
EMP0458,Yuki Martin,Operations,Operations Lead,68081.63,2021-05-01,33,Non-Binary,3,1
EMP0459,Jessica Martin,HR,HR Specialist,53212.08,2020-09-23,30,Non-Binary,3,0
EMP0460,Robert Wilson,Marketing,CMO,151946.14,2021-03-08,56,Non-Binary,4,0
EMP0461,Robert Moore,Engineering,Engineering Manager,132949.8,2021-09-01,33,Male,4,0
EMP0462,John Lopez,Operations,Operations Lead,66284.55,2022-04-09,34,Male,4,0
EMP0463,Chen Patel,HR,HR Manager,89489.89,2018-12-10,36,Male,3,0
EMP0464,Karen Chen,Marketing,Marketing Manager,80960.35,2024-02-19,46,Female,4,1
EMP0465,Aisha Kumar,Finance,CFO,185104.8,2024-08-24,57,Non-Binary,2,1
EMP0466,Yuki Hernandez,Operations,Operations Lead,64085.27,2019-07-22,34,Male,5,0
EMP0467,Lisa Moore,Operations,COO,180168.25,2017-01-21,45,Non-Binary,3,0
EMP0468,Thomas Patel,Finance,Accountant,42002.0,2020-09-14,49,Male,4,0
EMP0469,Liam Taylor,Marketing,Marketing Manager,79909.39,2019-05-29,35,Female,4,0
EMP0470,Jessica Jackson,Marketing,Marketing Manager,77975.99,2023-12-23,48,Female,4,1
EMP0471,Richard Wang,Marketing,Marketing Manager,105281.68,2022-11-29,33,Male,4,0
EMP0472,Sarah Rodriguez,Finance,CFO,206200.65,2021-06-20,45,Non-Binary,4,0
EMP0473,Ava Kim,HR,HR Specialist,59523.62,2017-06-19,29,Female,3,0
EMP0474,Richard Khan,Support,Support Manager,69286.64,2016-11-10,38,Male,5,0
EMP0475,Susan Lee,Operations,Operations Manager,75423.43,2019-02-27,48,Female,3,0
EMP0476,Linda Singh,Finance,Financial Analyst,56902.18,2023-04-25,38,Male,3,0
EMP0477,Susan Martin,Operations,Operations Lead,56916.52,2018-10-04,38,Male,4,0
EMP0478,Nancy Davis,Sales,VP Sales,160917.02,2017-05-31,41,Female,4,0
EMP0479,Noah Anderson,HR,HR Manager,80014.95,2018-04-09,46,Non-Binary,4,0
EMP0480,Thomas Martin,Marketing,Content Specialist,54120.82,2023-08-26,31,Male,4,0
EMP0481,Aisha Wang,Marketing,Marketing Analyst,54630.07,2017-11-03,40,Non-Binary,4,0
EMP0482,Robert Miller,HR,HR Associate,34763.37,2016-11-03,26,Male,4,0
EMP0483,Emma Jackson,HR,HR Director,120134.35,2024-08-04,55,Male,5,0
EMP0484,Richard Rodriguez,Finance,CFO,156574.39,2016-08-17,49,Male,4,0
EMP0485,Liam Brown,HR,HR Director,120908.97,2017-12-17,53,Female,4,0
EMP0486,Daniel Brown,HR,HR Director,138099.77,2018-07-11,44,Female,5,0
EMP0487,Nancy Kumar,Sales,Sales Associate,49109.24,2025-03-20,22,Male,2,0
EMP0488,Sarah Brown,Engineering,Junior Developer,44128.5,2025-12-13,24,Non-Binary,3,0
EMP0489,David Lee,Finance,Finance Manager,103523.34,2022-02-05,49,Male,4,0
EMP0490,Susan Johnson,Operations,COO,154129.66,2022-11-20,41,Non-Binary,3,0
EMP0491,Linda Hernandez,Engineering,Junior Developer,47693.85,2019-07-26,24,Non-Binary,3,0
EMP0492,Christopher Wilson,Operations,Operations Manager,98382.14,2018-11-11,35,Female,4,0
EMP0493,Ava Martin,Sales,Sales Executive,63788.35,2024-07-18,39,Non-Binary,2,0
EMP0494,Emma Lopez,Support,Support Manager,65867.35,2016-04-05,44,Female,4,0
EMP0495,Emma Jackson,Sales,Sales Associate,37602.12,2023-12-19,28,Male,4,0
EMP0496,William Lee,Support,Support Lead,45519.66,2023-11-03,37,Female,2,1
EMP0497,William Williams,Sales,Sales Associate,30654.69,2019-07-31,29,Non-Binary,3,0
EMP0498,Sofia Brown,Operations,Operations Manager,104006.53,2019-12-27,49,Male,4,0
EMP0499,Joseph Davis,Sales,VP Sales,144815.1,2024-12-08,41,Female,4,0
EMP0500,Barbara Nakamura,Finance,Financial Analyst,61344.62,2025-10-25,35,Female,3,0
